CentreCode,CityCode,CentreName
1001,101,St. Xaviers College Mapusa Goa
1002,102,iON Digital Zone iDZ Pato Plaza
1003,103,iON Digital Zone iDZ 1 Odhav
1004,103,iON Digital Zone iDZ 2 Odhav
1005,103,iON Digital Zone iDZ Bopal (Centre A)
1006,103,iON Digital Zone iDZ Bopal (Centre B)
1007,104,Government Engineering College
1008,105,Arham Veerayatan Institute of Engineering Technology & Research
1009,106,iON Digital Zone iDZ Randesan
1010,106,iON Digital Zone iDZ Sector 26
1011,107,iON Digital Zone iDZ 2 Metoda
1012,107,iON Digital Zone iDZ 3 Metoda
1013,107,iON Digital Zone iDZ 1 Metoda
1014,108,Uka Tarsadia University (Center A)
1015,108,Uka Tarsadia University (Center B)
1016,108,iON Digital Zone iDZ Unn (Center A)
1017,108,iON Digital Zone iDZ Unn (Center B)
1018,109,iON Digital Zone iDZ 2 Gotri
1019,109,Stackwise Technology (Center A)
1020,109,Stackwise Technology (Center B)
1021,109,iON Digital Zone iDZ 1 Gotri
1022,110,iON Digital Zone iDZ Bannerghatta Main Road
1023,110,iON Digital Zone iDZ Ullal Main Road
1024,110,iON Digital Zone iDZ Rajarajeswari Medical College and Hospital
1025,110,iON Digital Zone iDZ Kumbalgodu
1026,110,iON Digital Zone iDZ K R Puram
1027,110,iON Digital Zone iDZ Thigalarapalya Main Road (Center A)
1028,110,iON Digital Zone iDZ Thigalarapalya Main Road (Center B)
1029,110,GITAM School of Technology
1030,110,R V College of Engineering
1031,110,AMC Engineering College
1032,110,Don Bosco Institute of Technology
1033,110,Cambridge Institute Of Technology
1034,111,iON Digital Zone iDZ Akshay Colony (Center A)
1035,111,iON Digital Zone iDZ Akshay Colony (Center B)
1036,112,iON Digital Zone iDZ Rajapur Shahabad Road
1037,113,iON Digital Zone Bondel (Center A)
1038,113,iON Digital Zone Bondel (Center B)
1039,114,iON Digital Zone iDZ Hebbal (Center A)
1040,114,iON Digital Zone iDZ Hebbal (Center B)
1041,115,iON DIGITAL Zone iDZ University Camp Area
1042,115,Sipna College of Engineering and Technology
1043,115,iON DIGITAL ZONE iDZ Cityland
1044,116,Chatrapati Shahu Maharaj Shikshan Sansthas College of Engineering
1045,116,International Center Of Excellence in Engineering and Management
1046,116,iON Digital Zone Chikalthana (Centre A)
1047,116,iON Digital Zone Chikalthana (Centre B)
1048,116,iON Digital Zone Chikalthana (Centre C)
1049,117,iON Digital Zone iDZ Shiye
1050,117,iON Digital Zone iDZ Tarabai Park
1051,118,iON Digital Zone IDZ Powai (Centre A)
1052,118,iON Digital Zone IDZ Powai (Centre B)
1053,118,iON Digital Zone IDZ Powai (Centre C)
1054,118,iON Digital Zone IDZ Powai (Centre D)
1055,118,Indian Institute Of Technology Bombay
1056,118,Thakur College Of Engineering And Technology
1057,119,iON DIGITAL ZONE iDZ 2 WADI MIDC (Centre A)
1058,119,iON DIGITAL ZONE iDZ 2 WADI MIDC (Centre B)
1059,119,iON Digital Zone iDZ 3 Wadi MIDC Techgressor Soft Solutions Pvt. Ltd. Nagpur
1060,119,iON DIGITAL Zone iDZ Beltarodi (Centre A)
1061,119,iON DIGITAL Zone iDZ Beltarodi (Centre B)
1062,119,G H Raisoni School Buisness Management (Centre A)
1063,119,G H Raisoni School Buisness Management (Centre B)
1064,119,St Vincent Pallotti College of Enginnering and Technology
1065,119,iON DIGITAL Zone iDZ 1 Wadi MIDC
1066,119,J D COLLEGE OF ENGINEERING
1067,119,K.D.K. COLLEGE OF ENGINEERING
1068,119,Jhulelal Institute of Technology
1069,120,iON DIGITAL Zone iDZ Vishnupuri
1070,120,Mahatma Gandhi Missions College of Engineering Nanded
1071,121,METs Institute of Technology-Polytechnic
1072,121,Jawahar Institute of Technology Nashik
1073,121,Sandip Foundation
1074,121,iON Digital Zone iDZ Wadala (Centre A)
1075,121,iON Digital Zone iDZ Wadala (Centre B)
1076,122,iON Digital Zone iDZ Turbhe (Centre A)
1077,122,iON Digital Zone iDZ Turbhe (Centre B)
1078,122,Pillais Institute of Information Technology Engineering Media Studies and Research
1079,123,iON Digital Zone iDZ Narhe (Centre A)
1080,123,iON Digital Zone iDZ Narhe (Centre B)
1081,123,iON Digital Zone iDZ Ramtekdi 2 (Centre A)
1082,123,iON Digital Zone iDZ Ramtekdi 2 (Centre B)
1083,123,iON Digital Zone iDZ Ramtekdi 3 (Centre A)
1084,123,iON Digital Zone iDZ Ramtekdi 3 (Centre B)
1085,123,iON Digital Zone iDZ Ramtekdi 1 (Centre A)
1086,123,iON Digital Zone iDZ Ramtekdi 1 (Centre B)
1087,123,GH Raisoni Institute of Engineering and Technology
1088,123,ZEALs Dnyanganga College of Engineering and Research
1089,123,Indian Institute For Aeronautical Engineering & Information Technology
1090,124,Career Heights
1091,124,MBC PARK
1092,125,Vidyavardhini College of Engineering and Technology
1093,126,iON Digital Zone iDZ Airport Road
1094,127,iON Digital Zone iDZ Machenahalli
1095,128,iON Digital Zone iDZ Milk Diary Road
2001,201,Inspiration Online Test Centre
2002,201,S L Computers Online Testing Centre
2003,201,Shivam Online Education and Caliber Testing Lab PVT LTD
2004,202,Aakash Online Testing Center
2005,202,Fringe Institute of Advanced Studies
2006,202,iON Digital Zone iDZ 1 GT Karnal Road
2007,202,iON Digital Zone iDZ 2 GT Karnal Road
2008,202,Noble Exam Centre
2009,202,Ojas Institute Of Management
2010,202,Vinayak Global Academy
2011,203,iON Digital Zone iDZ 1 Mathura Road
2012,203,iON Digital Zone iDZ 2 Mathura Road
2013,203,RSM Finserv Ltd
2014,204,Abhinav Public School Pitampura
2015,204,Aztech Online Test Centre
2016,204,CBSM Online Test Center Dwarka
2017,204,HD Online Work Station
2018,204,iON Digital Zone iDZ1 Mundka
2019,204,iON Digital Zone iDZ2 Mundka
2020,204,S2A CONSULTANCY SERVICES PVT. LTD.
2021,204,Shivaay College of Advance Studies
2022,204,Star Computer Lab
2023,204,Star Wave Digital Solutions
2024,204,Vamsi Digital Zone
2025,205,Apex Online Solution
2026,205,Confinet It Solutions Pvt. Ltd.
2027,205,iON Digital Zone iDZ Faridabad
2028,206,iON Digital Zone iDZ Greater Noida
2029,207,B.M. Group Of Institutions
2030,207,DPG Institute Of Technology & Management
2031,207,Gurugram Institute of techno world
2032,207,iON Digital Zone iDZ Sector 34
2033,207,On Target Soultions
2034,207,St Andrews Institute of Technology And Management
2035,207,World Institute of Technology
2036,208,iON Digital Zone iDZ1 Sec 62 (CENTER-A)
2037,208,iON Digital Zone iDZ1 Sec 62 (CENTER-B)
2038,208,iON Digital Zone iDZ1 Sec 62 (CENTER-C)
2039,208,iON Digital Zone iDZ1 Sec 62 (CENTER-D)
2040,208,iON Digital Zone iDZ2 Sec 62 (CENTER-A)
2041,208,iON Digital Zone iDZ2 Sec 62 (CENTER-B)
2042,209,iON Digital Zone iDZ Kaluchak
2043,210,iON Digital Zone iDZ Gegal Industrial Area
2044,211,Albert Public Sr. Sec. School English Medium
2045,211,Children's Academy Convent School
2046,211,Institute of Engineering and Technology
2047,211,Modern Institute of Technology and Research Centre (CENTER-A)
2048,211,Modern Institute of Technology and Research Centre (CENTER-B)
2049,212,Gyanoday Private ITI
2050,212,iON Digital Zone iDZ Naino Ka Bas
2051,212,Keen College Bikaner
2052,212,Marudhar Engineering College
2053,213,Alankar Mahila P.G. Mahavidyalaya
2054,213,ANAND INTERNATIONAL COLLEGE OF ENGINEERING (CENTER-A)
2055,213,ANAND INTERNATIONAL COLLEGE OF ENGINEERING (CENTER-B)
2056,213,ANAND INTERNATIONAL COLLEGE OF ENGINEERING (CENTER-C)
2057,213,ANAND INTERNATIONAL COLLEGE OF ENGINEERING (CENTER-D)
2058,213,Apex College for Girls
2059,213,Apex Institute of Engineering and Technology
2060,213,Apex Institute of Management & Science
2061,213,Arya College of Engineering and Information Technology (CENTER-A)
2062,213,Arya College of Engineering and Information Technology (CENTER-B)
2063,213,Arya College of Engineering and Information Technology (CENTER-C)
2064,213,Arya College of Industrial Training & Vocational Courses Private Limited (CENTER-A)
2065,213,Arya College of Industrial Training & Vocational Courses Private Limited (CENTER-B)
2066,213,Arya Institute of Engineering and Technology (CENTER-A)
2067,213,Arya Institute of Engineering and Technology (CENTER-B)
2068,213,Arya Institute of Engineering Technology & Management
2069,213,Global Institue Of Technology (CENTER-A)
2070,213,Global Institue Of Technology (CENTER-B)
2071,213,Global Institue Of Technology (CENTER-C)
2072,213,Jaipur Engineering College (CENTER-A)
2073,213,Jaipur Engineering College (CENTER-B)
2074,213,Shankara Group Of Institutions
2075,213,Shankara Institute of Technology
2076,213,Sri Balaji College Of Engineering And Technology (CENTER-A)
2077,213,Sri Balaji College Of Engineering And Technology (CENTER-B)
2078,213,Swami Keshvanand Institute Of Technology Management and Gramothan
2079,213,Vivekananda Global University
2080,214,Army Childrens academy sr.sec school
2081,214,iON Digital Zone iDZ Laxman Nagar (CENTER-A)
2082,214,iON Digital Zone iDZ Laxman Nagar (CENTER-B)
2083,215,Bhartiya Institute of Engineering and Technology
2084,215,iON Digital Zone iDZ Chandpura
2085,216,Geetanjali Institute of Technical Studies
2086,216,iON Digital Zone iDZ Dholi Magri
2087,216,S S COLLEGE OF ENGINEERING
2088,216,Techno India NJR Institute of Technology
2089,251,Modern Indian School
3001,301,iON Digital Zone iDZ Model Village Naharlagun Itanagar
3002,302,iON Digital Zone iDZ Lahowal
3003,303,iON Digital Zone iDZ Borjhar A
3004,303,iON Digital Zone iDZ Borjhar B
3005,304,iON Digital Zone (iDZ) Kenduguri
3006,305,iON Digital Zone (iDZ) Sonai Road
3007,306,iON Digital Zone (iDZ) Rubber Bagan Tiniali
3008,307,iON Digitial Zone iDZ Arrah
3009,308,Sityog Institute Of Technology
3010,309,iON Digital Zone iDZ Bhagalpur
3011,310,K.S.T.College
3012,310,Maa Ambay Computers Centre Bihar Shariff
3013,311,Roshni Institute of Management and Technology
3014,312,iON digital Zone iDZ1 Khajasarai
3015,313,Sidhhivinyak Computech pvt. Ltd.
3016,313,Buddha Institute of Technology
3017,314,iON Digital Zone iDZ Kanti
3018,314,iON Digital Zone iDZ Bhagwanpur
3019,315,iON Digitial Zone iDZ 1 Patliputra
3020,315,iON Digitial Zone iDZ 2 Patliputra
3021,315,iON Digital Zone iDZ 3 Patliputra
3022,315,iON Digital Zone iDZ 4 Patliputra
3023,315,iON Digital Zone iDZ 5 Patliputra
3024,315,iON Digital Zone Phulwarisharif
3025,315,Bihar Digital World
3026,315,Sunny Digital
3027,315,Technopark
3028,315,Examit Infotech Pvt Ltd
3029,315,GSS Techno
3030,315,Succexa Edutech
3031,315,CLM Resources & Management
3032,315,Uniconcept Technology Pvt.Ltd
3033,315,Novtec Digital Pvt. Ltd
3034,315,iON Digital Zone iDZ Sandalpur
3035,315,IMPACT College
3036,315,Maa Ambey Computers Centre Patna
3037,315,iON Digital Zone iDZ Jalalpur
3038,316,iON Digital Zone iDZ Purnea
3039,317,Narayanam Info Online
3040,318,Indian Institute of Information Technology Manipur
3041,318,Central Institute of Plastics Engineering & Technology (CIPET) - Imphal
3042,319,iDZ Qualapatty
3043,320,iON Digital Zone (iDZ) Mualpui
3044,321,iON Digital Zone iDZ Siliguri A
3045,321,iON Digital Zone iDZ Siliguri B
3046,322,Techie Panda
3047,323,ICFAI University Tripura
3048,323,Scamper Technologies and Services Pvt. Ltd
3049,351,Tata Consultancy Services Asia Pacific Pte Ltd
4001,401,iON Digital Zone iDZ- A Village Adampur Raisen Road
4002,401,iON Digital Zone iDZ- B Village Adampur Raisen Road
4003,401,iON Digital Zone iDZ- C Village Adampur Raisen Road
4004,401,iON Digital Zone iDZ SAM College of Engineering and Technology Raisen road
4005,401,iON Digital Zone iDZ- A Trinity 2 Headway 2 Kokta Bypass Road
4006,401,iON Digital Zone iDZ- B Trinity 2 Headway 2 Kokta Bypass Road
4007,401,iON Digital Zone iDZ Kalkheda Ratibad Main road
4008,401,iON Digital Zone iDZ Trinity 1Shri Jairam Education Society Kokta Bypass Road
4009,402,Oriental University Indore
4010,402,SAGAR INSTITUTE OF RESEARCH AND TECHNOLOGY
4011,402,iON Digital Zone iDZ AB Road Rajendra Nagar - CENTER A
4012,402,iON Digital Zone iDZ Headway IT Services Mangal Compound Dewas Naka
4013,402,iON Digital Zone iDZ Plexus IT System Mangal Compound Dewas Naka- CENTER A
4014,402,iON Digital Zone iDZ Plexus IT System Mangal Compound Dewas Naka- CENTER B
4015,402,iON Digital Zone iDZ AB Road Rajendra Nagar- CENTER B
4016,403,iON Digital Zone iDZ- A Gram Raigawan Near Patan Bypass
4017,403,iON Digital Zone iDZ- B Gram Raigawan Near Patan Bypass
4018,403,iON Digital Zone iDZ- C Gram Raigawan Near Patan Bypass
4019,403,Gyan Ganga Institute of Technology and Sciences CENTER 1
4020,404,Shambhunath Institute of Engineering and Technology - MAC
4021,404,Shambhunath Institute of Management
4022,404,UNITED INSTITUTE OF TECHNOLOGY - MAC
4023,404,iON Digital Zone iDZ 2 Naini
4024,404,Madhu Vachaspati Inter College
4025,404,iON Digital Zone iDZ 1 Naini
4026,404,iON Digital Zone iDZ Sallahapur
4027,405,INSTITUTE FOR ADVANCED COMPUTER TECHNOLOGY
4028,405,SMB Institute of Technology
4029,406,Indra Online Center
4030,406,Suryoday Online
4031,406,iON Digital Zone iDZ Nausarh Chowk
4032,406,KIPM College of Engineering & Technology - MAC CENTER
4033,407,iON Digital Zone iDZ Elite Cinema
4034,407,Gyansthali Mahavidyalaya
4035,408,Pranveer Singh Institute of Technology- MAC
4036,408,Pranveer Singh Institute of Technology
4037,408,iON Digital Zone iDZ Keshaw Puram
4038,408,iON Digital Zone iDZ 1 Hathipur
4039,408,iON Digital Zone iDZ 2 Hathipur
4040,408,UNZIP TECHNOLOGY LLP.
4041,408,Indian Insititute of Global IT
4042,408,VKS INSTITUTIONS INDIA LIMITED
4043,408,Ram Charan Ram Dulari Kanya Mahavidyalaya
4044,409,Our Little Angels Home
4045,409,iON Digital Zone iDZ Omaxe City
4046,409,Pawan Online Solutions
4047,409,Yuvi Online Solutions
4048,409,DIT Education Centre
4049,409,B.S. Infotech Solutions
4050,409,iON Digital Zone iDZ Sector-9B Vrindawan Colony
4051,409,iON Digital Zone iDZ Prabandh Nagar
4052,409,iON Digital Zone iDZ- A Jankipuram Extension
4053,409,iON Digital Zone iDZ- B Jankipuram Extension
4054,409,iON Digital Zone iDZ Azad Puram
4055,410,Dewa Mahila Mahavidyalaya
4056,410,iON Digital Zone iDZ Harahuwa Chauraha
4057,410,OCBT IT Services
4058,410,iON Digital Zone iDZ Ayar Bazar
4059,410,Shree Bhagwat Institute of Technology
4060,410,JeevanDeep Institute of Management & Technology
4061,410,Institute of Hardware Networking And Communication Center Sarnath
4062,410,Dr. Ghanshyam Singh College Of Education
4063,410,Lahuri Kashi Institute Of Information Technology
4064,410,Gyanada Institute Of Computer Training
4065,410,Institute of Hardware Networking And Communication Center 2
4066,410,School of Management Sciences
5001,501,Dr.B.R.Ambedkar Institute of Technology
5002,502,Gayatri Vidya Parishad School of Engineering
5003,502,iON Digital Zone iDZ Sheela Nagar
5004,502,iON Digital Zone iDZ 1 Chinamushidiwada Center-1
5005,502,iON Digital Zone iDZ 2 Chinamushidiwada Center-2
5006,502,iON Digital Zone iDZ 2 Chinamushidiwada Center-3
5007,502,Gayatri Vidya Parishad College of Engineering Autonomous Visakhapatnam
5008,502,Nadimpalli Satyanarayana Raju Institute of Technology
5009,502,Gayatri Vidya Parishad College of Engineering for Women
5010,502,Viswanadha Institute of Technology & Management
5011,502,Dadi Institute of Engineering & Technology
5012,502,Sanketika Institute of Technology and Management
5013,502,Noble Institute of Science and Technology
5014,502,Chaitanya Engineering College Visakhapatnam 
5015,502,Pydah College of Engineering & Technology
5016,503,iON Digital Zone iDZ Gajularega 
5017,504,Bharti College of Engineering & technology
5018,504,iON Digital Zone iDZ Sirsakala Bhilai
5019,505,iON Digital Zone iDZ Bodri Near high court
5020,505,Dr.C.V.Raman University
5021,506,iON Digital Zone iDZ Sarona-1
5022,506,ION Digital Zone iDZ Sarona-2
5023,507,iON Digital Zone IDZ Bokaro
5024,508,iON Digital Zone IDZ Dhanbad-1
5025,508,iON Digital Zone IDZ Dhanbad-2
5026,508,IIT (ISM) Dhanbad
5027,509,iON Digital Zone iDZ Jamshedpur-1
5028,509,iON Digital Zone iDZ Jamshedpur-2
5029,509,DBMS Career Academy
5030,510,iON Digital Zone IDZ Tupudana-1
5031,510,iON Digital Zone IDZ Tupudana-2
5032,510,iON Digital Zone IDZ Tupudana-3
5033,510,iON Digital Zone iDZ Tatisilwai-1
5034,510,iON Digital Zone iDZ Tatisilwai-2
5035,510,iON Digital Zone iDZ Tatisilwai-3
5036,511,iON Digital Zone iDZ Golanthra
5037,511,iON Digital Zone iDZ Khallikote College Area
5038,512,iON Digital Zone iDZ2 Patia Centre-1
5039,512,iON Digital Zone iDZ2 Patia centre-2
5040,512,iON Digital Zone iDZ2 Patia Centre-3
5041,512,iON Digital Zone iDZ1 Patia
5042,512,iON Digital Zone iDZ Mancheswar
5043,512,Indian Institute Of Technology Bhubaneswar
5044,513,iON Digital Zone iDZ Anantapur
5045,514,iON Digital Zone iDZ Sector-4
5046,514,Rourkela Institute of Management Studies MAC Center
5047,515,iON Digital Zone iDZ Asansol
5048,515,Asansol Engineering College
5049,516,Government College of Engineering and Textile Technology
5050,517,Sanaka Educational Trust Group of Institutions centre - 1
5051,517,Sanaka Educational Trust Group of Institutions Centre - 2
5052,517,The New Horizons Institute of Technology
5053,517,DAV Model School Durgapur
5054,517,Bengal College of Engineering and Technology
5055,517,NIT Durgapur
5056,518,Ideal Institute of Engineering
5057,518,iON Digital Zone iDZ Hooghly
5058,518,Indian Institute of Information Technology Kalyani
5059,518,Indian Institute of Science Education and Research Kolkata
5060,518,Bidyasagar Institute of Computer
5061,519,IIT Kharagpur
5062,519,College of Engineering & Management Kolaghat
5063,520,TCS Gito Bitan Centre -1
5064,520,TCS Gito Bitan Centre -2
5065,520,TCS Gito Bitan Centre -3
5066,520,TCS Gito Bitan Centre -4
5067,520,TCS Gito Bitan Centre -5
5068,520,TCS Gito Bitan Centre -6
5069,520,TCS Gito Bitan Centre -7
5070,520,Techno India MAC Center
5071,520,Techno India University
5072,520,Success Stairs Kolkata
5073,520,Bengal Institute of Technology
5074,520,iON Digital Zone iDZ Belgharia
5075,520,iON Digital Zone iDZ Madhyamgram
5076,520,Brainware Group of Institutions
5077,520,iON Digital Zone iDZ Baruipur
5078,520,Budge Budge Institute of Technology
5079,520,GDSP Education Private Limited
5080,520,Ramakrishna Mission Shilpamandira Computer Centre
5510,551,New Horizons Computer Learning Center
6001,601,Srinivasa Ramanujan Institute of Technology
6002,601,PVKK Institute of Technology
6003,601,Ananthalakshmi Institute of Technology and Sciences
6004,602,SRKR Engineering College
6005,603,iON Digital Zone iDZ Nayanipalli Village (Centre I)
6006,604,Ramachandra College of Engineering
6007,604,Eluru College of Engineering & Technology
6008,604,Sir CR Reddy College of Engineering
6009,605,iON Digital Zone iDZ Perecherla
6010,605,iON Digital Zone iDZ Challavaripalem
6011,605,iON Digital Zone iDZ Vinjanampadu Village
6012,605,iON Digital Zone iDZ Atmakur Village
6013,605,Malineni Lakshmaiah Womens Engineering College
6014,605,Malineni Perumallu Educational Society's Group of Institutions
6015,605,St. Mary's Women's Engineering College
6016,605,Sri Venkateswara Institute of Technology
6017,605,Priyadarshini Institute Of Technology & Management
6018,605,Chebrolu Engineering College
6019,605,Guntur Engineering College
6020,605,KKR and KSR Institute of Technology and Science
6021,606,iON Digital Zone iDZ Atchutapuram (Centre I)
6022,606,iON Digital Zone iDZ Atchutapuram (Centre II)
6023,606,Kakinada Institute of Engineering & Technology - II
6024,607,iON Digital Zone iDZ Sanath Nagar (Centre I)
6025,607,iON Digital Zone iDZ Sanath Nagar (Centre II)
6026,608,iON Digital Zone iDZ Kodavaluru Village (Centre I)
6027,608,iON Digital Zone iDZ Kodavaluru Village (Centre II)
6028,609,QIS College of Engineering and Technology
6029,609,QIS Institute of Technology Ongole
6030,610,iON Digital Zone iDZ Luthergiri (Centre I)
6031,610,iON Digital Zone iDZ Luthergiri (Centre II)
6032,611,Sri Vasavi Engineering College
6033,611,Sasi Institute of Technology & Engineering
6034,612,iON Digital Zone iDZ Zoo Park Tirupathi (Centre I)
6035,612,iON Digital Zone iDZ Zoo Park Tirupathi (Centre II)
6036,612,iON Digital Zone iDZ Ramireddipalle
6037,612,Annamacharya Institute of Technology & Sciences Tirupathi
6038,612,SV College of Engineering-I
6039,612,SV College of Engineering-II
6040,612,SS Digital Zone Tirupati
6041,613,iON Digital Zone iDZ Kandrika (Centre I)
6042,613,iON Digital Zone iDZ Kandrika (Centre II)
6043,613,iON Digital Zone iDZ Donka Road (Centre I)
6044,613,iON Digital Zone iDZ Donka Road (Centre II)
6045,613,LakiReddy Bali Reddy College of Engineering
6046,613,Usharama College of Engineering & Technology
6047,613,Gudlavalleru Engineering College
6048,613,S.R.K Institute of Technology
6049,613,Potti Sriramulu Chalavadi Mallikarjuna Rao College of Engineering & Technology
6050,613,N.R.I Group of Colleges (Centre I)
6051,613,N.R.I Group of Colleges (Centre II)
6052,613,Velagapudi Ramakrishna Siddhartha Engineering College
6053,613,Kakaraparti Bhavanarayana KBN College
6054,614,Carmel College Of Engineering & Technology
6055,614,Sree Buddha College of Engineering
6056,615,iON Digital Zone iDZ Sreekandapuram
6057,615,iON Digital Zone iDZ Kannur
6058,615,Vimal Jyothi Engineering College
6059,615,Sree Narayana Guru College of Engineering & Technology
6060,616,North Malabar Institute Of Technology Kanhangad
6061,617,iON Digital Zone iDZ Aluva - Centre 1
6062,617,iON Digital Zone iDZ Aluva - Centre 2
6063,617,Adi Shankara Institute Of Engineering And Technology
6064,617,Sree Narayana Mangalam Institute of Management and Technology
6065,618,iON Digital Zone iDZ Kollam
6066,618,UKF College of Engineering & Technology
6067,618,MES Institute of Technology and Management
6068,619,iON Digital Zone iDZ Kottayam
6069,619,College of Engineering Kidangoor
6070,619,Mangalam college of engineering
6071,620,iON Digital Zone iDZ Kozhikode
6072,620,Mudra Institute Of Assessment
6073,620,M-Dasan Institute Of Technology
6074,620,Centos Assessment School
6075,621,MEA Engineering College
6076,621,MES College of Engineering
6077,621,Eranad Knowledge City Technical Campus
6078,622,Jawaharlal College Of Engineering and Technology
6079,622,Ammini College of Engineering
6080,622,St Marys Institute of Technology and Science
6081,623,iON Digital Zone iDZ Attingal - Centre 1
6082,623,iON Digital Zone iDZ Attingal - Centre 2
6083,623,Musaliar College Of Engineering Chirayinkeezhu
6084,623,All India Institute of Local Self-Government
6085,624,iON Digital Zone iDZ Thrissur
6086,624,Sahrdaya College of Engineering and Technology
6087,624,SCET-Sahrdaya College of Engineering and Technology
6088,624,Universal Engineering College
6089,624,Holy Grace Academy of Engineering
6090,624,Thejus Engineering College
6091,625,Manakula Vinayagar Institute of Technology
6092,625,Sri Manakula Vinayagar Engineering College
6093,625,Christ College of Engineering & Technology
6094,626,iON Digital Zone iDZ Kundrathur
6095,626,iON Digital Zone iDZ Kovilambakkam - Centre 1
6096,626,iON Digital Zone iDZ Kovilambakkam - Centre 2
6097,626,iON Digital Zone iDZ Kovilambakkam - Centre 3
6098,626,iON Digital Zone iDZ Manimangalam - Centre 1
6099,626,iON Digital Zone iDZ Manimangalam - Centre 2
6100,626,Aalim Muhammed Salegh College of Engineerings
6101,626,St. Peter's College of Engineering and Technology
6102,626,St. Peter's Institute of Higher Education and Research
6103,626,Loyola Institute of Technology
6104,627,iDZ Thondamuthur Coimbatore I - Centre 1
6105,627,iDZ Thondamuthur Coimbatore I - Centre 2
6106,627,iDZ Coimbatore II
6107,628,iDZ Digital Zone - Astinpatti
6108,629,Ion Digital Zone Sivathapuram
6109,629,Ion Digital Zone KIOT Campus
6110,630,IDZ -Trichy II
6111,630,IDZ -Siruganur
6112,631,iDZ Tirunelveli
6113,632,iON Digital Zone iDZ Old Alwal-I
6114,632,iON Digital Zone iDZ Old Alwal-II
6115,632,iON Digital Zone IDZ 1 Mallapur-I
6116,632,iON Digital Zone IDZ 1 Mallapur-II
6117,632,iON Digital Zone iDZ 2 Mallapur-I
6118,632,iON Digital Zone iDZ 2 Mallapur-II
6119,632,iON Digital Zone IDZ Karmanghat-I
6120,632,iON Digital Zone IDZ Karmanghat-II
6121,632,iON Digital Zone iDZ LB Nagar-I
6122,632,iON Digital Zone iDZ LB Nagar-II
6123,632,iON Digital Zone iDZ Arunodaya Nagar-I
6124,632,iON Digital Zone iDZ Arunodaya Nagar-II
6125,632,Sreenidhi Institute of Science and Technology - I
6126,632,Sreenidhi Institute of Science and Technology - II
6127,632,Sreyas Institute of Engineering and Technology Hyderabad-I
6128,632,Sreyas Institute of Engineering and Technology Hyderabad-II
6129,632,Surya Technologies - I
6130,632,Surya Technologies - II
6131,632,MSR IT Academy
6132,632,RAM IT Academy
6133,632,GITAM University - Hyderabad-I
6134,632,GITAM University - Hyderabad -II
6135,632,Vardhaman College of Engineering Autonomous
6136,632,Lords Institute of Engineering and Technology
6137,632,NodeCop Solutions
6138,632,Moksh Innovators India Private Limited
6139,632,BVRIT College of Engineering for Women
6140,632,VNR Vignana Jyothi Institute of Engineering and Technology
6141,632,C.M.R Institute of Technology
6142,632,C.M.R College of Engineering & Technology
6143,632,C.M.R Engineering College
6144,632,C.M.R Technical Campus
6145,632,MLR Institute of Technology
6146,632,Institute of Aeronautical Engineering
6147,632,Marri Laxman Reddy Institute of Technology & Management
6148,632,Mahatma Gandhi Institute of Technology
6149,632,J B Institute of Engineering & Technology
6150,632,Vidya Jyothi Institute of Technology
6151,632,Teegala Krishna Reddy Engg. College
6152,632,Vignana Bharathi Institute of Technology
6153,633,iON Digital Zone iDZ Ramakrishna Colony - I
6154,633,iON Digital Zone iDZ Ramakrishna Colony - II
6155,633,Vaageswari College of Engineering
6156,633,Sree Chaitanya College of Engineering
6157,634,Daripally Anantha Ramulu College of Engineering & Technology
6158,634,Khammam Institute of Technology & Sciences
6159,634,Bomma Institute of Technology and Science
6160,634,Swarna Bharathi Institute of Science & Technology
6161,634,Laqshya Institute of Technology & Sciences
6162,635,Jaya Prakash Narayan College of Engineering
6163,636,Vijay Rural Engineering College
6164,636,Kakatiya Institute Of Technology & Science For Women
6165,637,iON Digital Zone iDZ Yerragattugutta
6166,637,Vasishta Technologies
6167,637,Chaitanya Degree College & PG College Autonomous
6168,637,Kakatiya Institute of Technology and Science
6169,637,Jaya Institute of Technology and Science for Women
6170,637,Balaji Institute of Technology and Science
6171,637,Jayamukhi Institute of Technological Sciences
6172,637,Vaagdevi Degree & PG College
6173,651,BITS Pilani Dubai Campus
7001,701,iON Digital Zone iDZ Chandigarh
7002,701,Chandigarh Techno World
7003,701,SPR Exam Solution Pvt.Ltd.
7004,702,iON Digital Zone iDZ Shahpur
7005,704,iON Digital Zone iDZ Juglan (Centre A)
7006,704,iON Digital Zone iDZ Juglan (Centre B)
7007,704,OM Institute Of Technology and Management
7008,705,iON Digital Zone iDZ Sector 5
7009,705,Geeta Institute of Management And Technology Kanipla
7010,706,iON Digital Zone iDZ Panipat
7011,707,iON Digital Zone iDZ Hamirpur
7012,708,Thakur Kanshi Ram Web Solution
7013,709,Shimla Online Exam Solutions
7014,710,iON Digital Zone iDZ Chitoura Road (Centre A)
7015,710,iON Digital Zone iDZ Chitoura Road (Centre B)
7016,711,iON Digital Zone iDZ Albert Road
7017,712,iON Digital Zone iDZ Bhucho kalan
7018,713,iON Digital Zone iDZ 1 Paragpur
7019,714,iON Digital Zone iDZ Ludhiana
7020,715,iON Digital Zone iDZ Mohali
7021,715,iON Digital Zone iDZ Jaulan Kalan
7022,715,Rayat Bahra Polytechnic & Skill Development Center
7023,716,iON Digital Zone iDZ Bahadurgarh Patiala
7024,717,iON Digital Zone iDZ Kuanwala
7025,717,iON Digital Zone iDZ Selaqui
7026,717,Uttaranchal University
7027,717,Tulas Institute
7028,718,iON DIGITAL ZONE iDZ CHARAYAL
7029,718,iON Digital Zone iDZ Teenpani
7030,719,Future Infotech
7031,720,iON Digital Zone iDZ Kishanpur
7032,721,iON Digital Zone iDZ 1 Sikandra
7033,721,iON Digital Zone iDZ Kuberpur (Centre A)
7034,721,iON Digital Zone iDZ Kuberpur (Centre B)
7035,721,iON Digital Zone iDZ 2 Sikandra
7036,721,iON Digital Zone iDZ Tehra
7037,721,Smt. Bhudevi P.G College Agra
7038,722,iON Digital Zone iDZ Karsua
7039,723,iON Digital Zone iDZ Dohna (Centre A)
7040,723,iON Digital Zone iDZ Dohna (Centre B)
7041,724,iON Digital Zone iDZ 2 Duhai
7042,724,BBDIT A Block Duhai
7043,725,Shri Chandanvan IT Solutions
7044,725,Ishwar Chand Vidyasagar Inst. of Tech. & Management
7045,726,iON Digital Zone IDZ Green Park
7046,726,iON Digital Zone Ganga Nagar Meerut
7047,727,iON Digital Zone iDZ Ram Ganga Vihar Phase 2